[{"name":"actionsEdit","value":"e"},{"name":"actionsOpen","value":"o"},{"name":"actionsRemove","value":"shift+3"},{"name":"actionsRotateStar","value":"s"},{"name":"appCreateNote","value":"c"},{"name":"appKeyboardHelp","value":"?"},{"name":"appLang","value":""},{"name":"appProfiles","value":"[\"notes-db\"]"},{"name":"appSearch","value":"/"},{"name":"appVersion","value":"0.5.0"},{"name":"cloudStorage","value":"0"},{"name":"dropboxAccessToken","value":""},{"name":"dropboxKey","value":""},{"name":"editMode","value":"preview"},{"name":"encrypt","value":"0"},{"name":"encryptBackup","value":{}},{"name":"encryptIter","value":"10000"},{"name":"encryptKeySize","value":"256"},{"name":"encryptPass","value":""},{"name":"encryptSalt","value":""},{"name":"encryptTag","value":"128"},{"name":"firstStart","value":"0","updated":1746515266804,"created":1746515266776},{"name":"indentUnit","value":"4"},{"name":"jumpFavorite","value":"g f"},{"name":"jumpInbox","value":"g i"},{"name":"jumpNotebook","value":"g n"},{"name":"jumpOpenTasks","value":"g o"},{"name":"jumpRemoved","value":"g t"},{"name":"modules","value":[]},{"name":"navbarNotebooksMax","value":"5"},{"name":"navigateBottom","value":"j"},{"name":"navigateTop","value":"k"},{"name":"pagination","value":"10"},{"name":"sortnotebooks","value":"name"},{"name":"sortnotes","value":"created"},{"name":"textEditor","value":"default"},{"name":"useDefaultConfigs","value":"1"}]